{
    "dataset": "HDI",
    "seed": 0,
    "alternatives": [
        [
            69.9,
            14.2,
            10.3,
            10839.0
        ],
        [
            71.7,
            13.6,
            8.2,
            11459.0
        ],
        [
            81.9,
            19.4,
            12.8,
            48511.0
        ],
        [
            73.4,
            14.1,
            10.0,
            26903.0
        ],
        [
            69.7,
            12.2,
            6.5,
            6681.0
        ],
        [
            71.1,
            11.7,
            10.7,
            3954.0
        ],
        [
            70.9,
            14.4,
            11.2,
            6365.0
        ],
        [
            77.0,
            12.8,
            9.3,
            20895.0
        ],
        [
            70.6,
            11.3,
            7.3,
            10801.0
        ],
        [
            78.9,
            11.3,
            8.7,
            14655.0
        ],
        [
            61.5,
            11.0,
            8.5,
            2666.0
        ],
        [
            75.1,
            14.4,
            11.4,
            23325.0
        ],
        [
            63.7,
            12.6,
            7.0,
            9357.0
        ],
        [
            81.9,
            13.3,
            10.5,
            56000.0
        ],
        [
            77.4,
            13.8,
            9.8,
            14872.0
        ],
        [
            83.6,
            17.6,
            10.3,
            40975.0
        ],
        [
            63.4,
            11.4,
            6.2,
            2123.0
        ],
        [
            76.0,
            14.7,
            11.2,
            17192.0
        ],
        [
            67.9,
            11.0,
            5.3,
            7413.0
        ],
        [
            60.9,
            10.0,
            3.5,
            1250.0
        ]
    ],
    "weights": [
        0.3333333333333333,
        0.16666666666666666,
        0.16666666666666666,
        0.3333333333333333
    ],
    "preference_fct_descriptions": [
        {
            "type": 5,
            "ceils": [
                3.5249999999999986,
                11.300000000000011
            ]
        },
        {
            "type": 5,
            "ceils": [
                0.8999999999999986,
                3.374999999999999
            ]
        },
        {
            "type": 5,
            "ceils": [
                1.1000000000000014,
                3.9749999999999996
            ]
        },
        {
            "type": 5,
            "ceils": [
                5158.75,
                24644.25
            ]
        }
    ]
}
